id,type,app,module,message,DES.src,DES.dst,TOPO.src,TOPO.dst,module.src,service,time_in,time_out,time_emit,time_reception
1,COMP_M,6,6_01,M.USER.APP.6,9,7,23,0,None,0.3,59.00008,59.300079999999994,55.0,59.00008
2,COMP_M,6,6_01,M.USER.APP.6,10,7,20,0,None,0.3,62.00004,62.300039999999996,60.0,62.00004
3,COMP_M,6,6_01,M.USER.APP.6,11,7,6,0,None,0.3,72.00004000000001,72.30004000000001,70.0,72.00004000000001
4,COMP_M,5,5_01,M.USER.APP.5,12,6,4,9,None,0.3,83.00006000000002,83.30006000000002,80.0,83.00006000000002
5,COMP_M,6,6_01,M.USER.APP.6,9,7,23,0,None,0.3,89.00008000000003,89.30008000000002,85.0,89.00008000000003
7,COMP_M,2,2_01,M.USER.APP.2,13,3,16,0,None,0.3,91.00002,91.30002,90.0,91.00002
6,COMP_M,6,6_01,M.USER.APP.6,10,7,20,0,None,0.3,92.00004000000001,92.30004000000001,90.0,92.00004000000001
